nodenumber,    x-coordinate,    y-coordinate,    z-coordinate
1,3.25E-02,9.07E-03,0.00E+00
2,3.15E-02,9.08E-03,0.00E+00
3,3.33E-02,9.35E-03,0.00E+00
4,3.06E-02,9.37E-03,0.00E+00
5,3.41E-02,9.90E-03,0.00E+00
6,2.99E-02,9.92E-03,0.00E+00
7,3.46E-02,1.06E-02,0.00E+00
8,2.94E-02,1.07E-02,0.00E+00
9,3.49E-02,1.15E-02,0.00E+00
10,2.91E-02,1.15E-02,0.00E+00
11,3.49E-02,1.25E-02,0.00E+00
12,2.91E-02,1.25E-02,0.00E+00
13,3.46E-02,1.33E-02,0.00E+00
14,2.94E-02,1.33E-02,0.00E+00
15,3.41E-02,1.41E-02,0.00E+00
16,2.99E-02,1.41E-02,0.00E+00
17,3.33E-02,1.46E-02,0.00E+00
18,3.07E-02,1.46E-02,0.00E+00
19,3.25E-02,1.49E-02,0.00E+00
20,3.15E-02,1.49E-02,0.00E+00
21,3.25E-02,9.06E-03,2.72E-04
22,3.15E-02,9.06E-03,2.72E-04
23,3.33E-02,9.34E-03,2.72E-04
24,3.06E-02,9.36E-03,2.72E-04
25,3.41E-02,9.89E-03,2.72E-04
26,2.99E-02,9.91E-03,2.72E-04
27,3.46E-02,1.06E-02,2.72E-04
28,2.93E-02,1.07E-02,2.72E-04
29,3.49E-02,1.15E-02,2.72E-04
30,3.49E-02,1.25E-02,2.72E-04
31,2.91E-02,1.25E-02,2.72E-04
32,3.47E-02,1.33E-02,2.72E-04
33,2.94E-02,1.34E-02,2.72E-04
34,3.41E-02,1.41E-02,2.72E-04
35,2.99E-02,1.41E-02,2.72E-04
36,3.34E-02,1.46E-02,2.72E-04
37,3.07E-02,1.47E-02,2.72E-04
38,3.25E-02,1.49E-02,2.72E-04
39,3.15E-02,1.49E-02,2.72E-04
40,2.91E-02,1.15E-02,2.72E-04
41,3.20E-02,9.02E-03,5.43E-04
42,3.29E-02,9.17E-03,5.43E-04
43,3.11E-02,9.17E-03,5.43E-04
44,3.37E-02,9.59E-03,5.43E-04
45,3.02E-02,9.60E-03,5.43E-04
46,3.44E-02,1.02E-02,5.43E-04
47,2.96E-02,1.03E-02,5.43E-04
48,3.48E-02,1.11E-02,5.43E-04
49,3.50E-02,1.20E-02,5.44E-04
50,3.48E-02,1.29E-02,5.44E-04
51,2.92E-02,1.29E-02,5.44E-04
52,3.44E-02,1.37E-02,5.43E-04
53,2.96E-02,1.38E-02,5.43E-04
54,3.38E-02,1.44E-02,5.44E-04
55,3.03E-02,1.44E-02,5.43E-04
56,3.11E-02,1.48E-02,5.44E-04
57,2.92E-02,1.11E-02,5.44E-04
58,3.29E-02,1.48E-02,5.44E-04
59,3.20E-02,1.50E-02,5.44E-04
60,2.90E-02,1.20E-02,5.44E-04
61,3.20E-02,9.02E-03,1.09E-03
62,3.29E-02,9.17E-03,1.09E-03
63,3.11E-02,9.17E-03,1.09E-03
64,3.37E-02,9.59E-03,1.09E-03
65,3.02E-02,9.60E-03,1.09E-03
66,3.44E-02,1.02E-02,1.09E-03
67,2.96E-02,1.03E-02,1.09E-03
68,3.48E-02,1.11E-02,1.09E-03
69,3.50E-02,1.20E-02,1.09E-03
70,3.48E-02,1.29E-02,1.09E-03
71,2.92E-02,1.29E-02,1.09E-03
72,3.44E-02,1.37E-02,1.09E-03
73,2.96E-02,1.38E-02,1.09E-03
74,3.03E-02,1.44E-02,1.09E-03
75,3.38E-02,1.44E-02,1.09E-03
76,3.11E-02,1.48E-02,1.09E-03
77,2.92E-02,1.11E-02,1.09E-03
78,3.29E-02,1.48E-02,1.09E-03
79,3.20E-02,1.50E-02,1.09E-03
80,2.90E-02,1.20E-02,1.09E-03
81,3.25E-02,9.06E-03,1.36E-03
82,3.15E-02,9.06E-03,1.36E-03
83,3.33E-02,9.35E-03,1.36E-03
84,3.06E-02,9.35E-03,1.36E-03
85,3.41E-02,9.89E-03,1.36E-03
86,2.99E-02,9.90E-03,1.36E-03
87,3.46E-02,1.06E-02,1.36E-03
88,2.93E-02,1.07E-02,1.36E-03
89,3.49E-02,1.15E-02,1.36E-03
90,3.49E-02,1.25E-02,1.36E-03
91,3.47E-02,1.33E-02,1.36E-03
92,2.94E-02,1.34E-02,1.36E-03
93,3.41E-02,1.41E-02,1.36E-03
94,2.99E-02,1.41E-02,1.36E-03
95,3.07E-02,1.47E-02,1.36E-03
96,2.91E-02,1.25E-02,1.36E-03
97,3.34E-02,1.46E-02,1.36E-03
98,3.25E-02,1.49E-02,1.36E-03
99,3.15E-02,1.49E-02,1.36E-03
100,2.91E-02,1.15E-02,1.36E-03
101,3.25E-02,9.06E-03,1.90E-03
102,3.15E-02,9.06E-03,1.90E-03
103,3.33E-02,9.35E-03,1.90E-03
104,3.06E-02,9.35E-03,1.90E-03
105,3.41E-02,9.89E-03,1.90E-03
106,2.99E-02,9.90E-03,1.90E-03
107,3.46E-02,1.06E-02,1.90E-03
108,2.93E-02,1.07E-02,1.90E-03
109,3.49E-02,1.15E-02,1.90E-03
110,3.49E-02,1.25E-02,1.90E-03
111,3.47E-02,1.33E-02,1.90E-03
112,2.91E-02,1.15E-02,1.90E-03
113,2.91E-02,1.25E-02,1.90E-03
114,2.93E-02,1.34E-02,1.90E-03
115,3.41E-02,1.41E-02,1.90E-03
116,2.99E-02,1.41E-02,1.90E-03
117,3.07E-02,1.47E-02,1.90E-03
118,3.34E-02,1.46E-02,1.90E-03
119,3.25E-02,1.49E-02,1.90E-03
120,3.15E-02,1.49E-02,1.90E-03
121,3.20E-02,9.02E-03,2.17E-03
122,3.29E-02,9.17E-03,2.17E-03
123,3.11E-02,9.17E-03,2.17E-03
124,3.37E-02,9.59E-03,2.17E-03
125,3.02E-02,9.60E-03,2.17E-03
126,3.44E-02,1.02E-02,2.17E-03
127,2.96E-02,1.03E-02,2.17E-03
128,3.48E-02,1.11E-02,2.17E-03
129,3.50E-02,1.20E-02,2.17E-03
130,2.92E-02,1.11E-02,2.17E-03
131,3.48E-02,1.29E-02,2.17E-03
132,2.90E-02,1.20E-02,2.17E-03
133,2.92E-02,1.29E-02,2.17E-03
134,3.44E-02,1.37E-02,2.17E-03
135,2.96E-02,1.38E-02,2.17E-03
136,3.03E-02,1.44E-02,2.17E-03
137,3.38E-02,1.44E-02,2.17E-03
138,3.11E-02,1.48E-02,2.17E-03
139,3.29E-02,1.48E-02,2.18E-03
140,3.20E-02,1.50E-02,2.18E-03
141,3.20E-02,9.02E-03,2.72E-03
142,3.29E-02,9.17E-03,2.72E-03
143,3.11E-02,9.17E-03,2.72E-03
144,3.37E-02,9.59E-03,2.72E-03
145,3.02E-02,9.59E-03,2.72E-03
146,3.44E-02,1.02E-02,2.72E-03
147,2.96E-02,1.03E-02,2.72E-03
148,3.48E-02,1.11E-02,2.72E-03
149,2.92E-02,1.11E-02,2.72E-03
150,3.50E-02,1.20E-02,2.72E-03
151,2.90E-02,1.20E-02,2.72E-03
152,3.48E-02,1.29E-02,2.72E-03
153,2.92E-02,1.29E-02,2.72E-03
154,3.44E-02,1.37E-02,2.72E-03
155,2.96E-02,1.38E-02,2.72E-03
156,3.03E-02,1.44E-02,2.72E-03
157,3.38E-02,1.44E-02,2.72E-03
158,3.11E-02,1.48E-02,2.72E-03
159,3.29E-02,1.48E-02,2.72E-03
160,3.20E-02,1.50E-02,2.72E-03
161,3.25E-02,9.06E-03,2.99E-03
162,3.15E-02,9.06E-03,2.99E-03
163,3.33E-02,9.35E-03,2.99E-03
164,3.06E-02,9.35E-03,2.99E-03
165,3.41E-02,9.89E-03,2.99E-03
166,2.99E-02,9.90E-03,2.99E-03
167,3.46E-02,1.06E-02,2.99E-03
168,2.93E-02,1.07E-02,2.99E-03
169,3.49E-02,1.15E-02,2.99E-03
170,2.91E-02,1.15E-02,2.99E-03
171,3.49E-02,1.25E-02,2.99E-03
172,2.91E-02,1.25E-02,2.99E-03
173,3.47E-02,1.33E-02,2.99E-03
174,2.93E-02,1.34E-02,2.99E-03
175,2.99E-02,1.41E-02,2.99E-03
176,3.41E-02,1.41E-02,2.99E-03
177,3.07E-02,1.47E-02,2.99E-03
178,3.34E-02,1.47E-02,2.99E-03
179,3.25E-02,1.49E-02,2.99E-03
180,3.15E-02,1.49E-02,2.99E-03
181,3.25E-02,9.06E-03,3.53E-03
182,3.15E-02,9.06E-03,3.53E-03
183,3.33E-02,9.35E-03,3.53E-03
184,3.06E-02,9.35E-03,3.53E-03
185,3.41E-02,9.89E-03,3.53E-03
186,2.99E-02,9.90E-03,3.53E-03
187,3.46E-02,1.06E-02,3.53E-03
188,2.93E-02,1.07E-02,3.53E-03
189,3.49E-02,1.15E-02,3.53E-03
190,2.91E-02,1.15E-02,3.53E-03
191,3.49E-02,1.25E-02,3.53E-03
192,2.91E-02,1.25E-02,3.53E-03
193,2.93E-02,1.34E-02,3.53E-03
194,3.47E-02,1.33E-02,3.53E-03
195,2.99E-02,1.41E-02,3.53E-03
196,3.07E-02,1.47E-02,3.53E-03
197,3.41E-02,1.41E-02,3.53E-03
198,3.15E-02,1.49E-02,3.53E-03
199,3.34E-02,1.47E-02,3.54E-03
200,3.25E-02,1.49E-02,3.54E-03
201,3.20E-02,9.02E-03,3.80E-03
202,3.29E-02,9.17E-03,3.80E-03
203,3.11E-02,9.17E-03,3.80E-03
204,3.37E-02,9.59E-03,3.80E-03
205,3.03E-02,9.59E-03,3.80E-03
206,3.44E-02,1.02E-02,3.80E-03
207,2.96E-02,1.03E-02,3.80E-03
208,3.48E-02,1.11E-02,3.80E-03
209,2.92E-02,1.11E-02,3.81E-03
210,3.50E-02,1.20E-02,3.81E-03
211,2.90E-02,1.20E-02,3.81E-03
212,3.48E-02,1.29E-02,3.81E-03
213,2.92E-02,1.29E-02,3.81E-03
214,2.96E-02,1.37E-02,3.81E-03
215,3.03E-02,1.44E-02,3.81E-03
216,3.44E-02,1.37E-02,3.81E-03
217,3.11E-02,1.48E-02,3.81E-03
218,3.37E-02,1.44E-02,3.81E-03
219,3.29E-02,1.48E-02,3.81E-03
220,3.20E-02,1.50E-02,3.81E-03
221,3.20E-02,9.02E-03,4.35E-03
222,3.11E-02,9.17E-03,4.35E-03
223,3.29E-02,9.17E-03,4.35E-03
224,3.03E-02,9.59E-03,4.35E-03
225,3.37E-02,9.59E-03,4.35E-03
226,2.96E-02,1.03E-02,4.35E-03
227,3.44E-02,1.02E-02,4.35E-03
228,3.48E-02,1.11E-02,4.35E-03
229,2.92E-02,1.11E-02,4.35E-03
230,2.90E-02,1.20E-02,4.35E-03
231,3.50E-02,1.20E-02,4.35E-03
232,2.92E-02,1.29E-02,4.35E-03
233,3.48E-02,1.29E-02,4.35E-03
234,2.96E-02,1.37E-02,4.35E-03
235,3.03E-02,1.44E-02,4.35E-03
236,3.44E-02,1.37E-02,4.35E-03
237,3.11E-02,1.48E-02,4.35E-03
238,3.37E-02,1.44E-02,4.35E-03
239,3.29E-02,1.48E-02,4.35E-03
240,3.20E-02,1.50E-02,4.35E-03
241,3.15E-02,9.06E-03,4.62E-03
242,3.07E-02,9.35E-03,4.62E-03
243,3.25E-02,9.06E-03,4.62E-03
244,3.33E-02,9.35E-03,4.62E-03
245,2.99E-02,9.89E-03,4.62E-03
246,3.41E-02,9.89E-03,4.62E-03
247,2.93E-02,1.06E-02,4.62E-03
248,3.47E-02,1.06E-02,4.62E-03
249,2.91E-02,1.15E-02,4.62E-03
250,3.49E-02,1.15E-02,4.62E-03
251,2.91E-02,1.25E-02,4.62E-03
252,3.49E-02,1.25E-02,4.62E-03
253,2.93E-02,1.33E-02,4.62E-03
254,2.99E-02,1.41E-02,4.62E-03
255,3.47E-02,1.34E-02,4.62E-03
256,3.07E-02,1.47E-02,4.62E-03
257,3.15E-02,1.49E-02,4.62E-03
258,3.41E-02,1.41E-02,4.62E-03
259,3.34E-02,1.47E-02,4.62E-03
260,3.25E-02,1.49E-02,4.62E-03
261,3.07E-02,9.35E-03,5.16E-03
262,3.15E-02,9.06E-03,5.16E-03
263,3.25E-02,9.06E-03,5.16E-03
264,2.99E-02,9.89E-03,5.16E-03
265,3.34E-02,9.35E-03,5.16E-03
266,3.41E-02,9.90E-03,5.16E-03
267,2.94E-02,1.06E-02,5.16E-03
268,3.47E-02,1.06E-02,5.16E-03
269,2.91E-02,1.15E-02,5.16E-03
270,2.91E-02,1.25E-02,5.16E-03
271,3.49E-02,1.15E-02,5.16E-03
272,2.93E-02,1.33E-02,5.16E-03
273,3.49E-02,1.25E-02,5.16E-03
274,2.99E-02,1.41E-02,5.16E-03
275,3.47E-02,1.34E-02,5.17E-03
276,3.07E-02,1.47E-02,5.16E-03
277,3.15E-02,1.49E-02,5.17E-03
278,3.41E-02,1.41E-02,5.17E-03
279,3.25E-02,1.49E-02,5.17E-03
280,3.34E-02,1.47E-02,5.17E-03
281,3.11E-02,9.17E-03,5.43E-03
282,3.03E-02,9.59E-03,5.43E-03
283,3.20E-02,9.02E-03,5.43E-03
284,3.29E-02,9.17E-03,5.43E-03
285,2.96E-02,1.02E-02,5.43E-03
286,3.37E-02,9.59E-03,5.43E-03
287,2.92E-02,1.11E-02,5.43E-03
288,3.44E-02,1.03E-02,5.43E-03
289,2.90E-02,1.20E-02,5.43E-03
290,3.48E-02,1.11E-02,5.43E-03
291,2.92E-02,1.29E-02,5.43E-03
292,3.50E-02,1.20E-02,5.43E-03
293,2.96E-02,1.37E-02,5.43E-03
294,3.48E-02,1.29E-02,5.44E-03
295,3.03E-02,1.44E-02,5.44E-03
296,3.11E-02,1.48E-02,5.44E-03
297,3.44E-02,1.37E-02,5.44E-03
298,3.20E-02,1.50E-02,5.44E-03
299,3.37E-02,1.44E-02,5.44E-03
300,3.29E-02,1.48E-02,5.44E-03
301,3.11E-02,9.17E-03,5.97E-03
302,3.03E-02,9.59E-03,5.97E-03
303,3.20E-02,9.02E-03,5.97E-03
304,2.96E-02,1.02E-02,5.97E-03
305,3.29E-02,9.17E-03,5.97E-03
306,3.37E-02,9.59E-03,5.97E-03
307,2.92E-02,1.11E-02,5.97E-03
308,3.44E-02,1.03E-02,5.98E-03
309,2.90E-02,1.20E-02,5.98E-03
310,2.92E-02,1.29E-02,5.98E-03
311,3.48E-02,1.11E-02,5.98E-03
312,2.96E-02,1.37E-02,5.98E-03
313,3.50E-02,1.20E-02,5.98E-03
314,3.03E-02,1.44E-02,5.98E-03
315,3.48E-02,1.29E-02,5.98E-03
316,3.11E-02,1.48E-02,5.98E-03
317,3.20E-02,1.50E-02,5.98E-03
318,3.44E-02,1.37E-02,5.98E-03
319,3.29E-02,1.48E-02,5.98E-03
320,3.37E-02,1.44E-02,5.98E-03
321,3.07E-02,9.35E-03,6.24E-03
322,3.15E-02,9.06E-03,6.24E-03
323,2.99E-02,9.89E-03,6.24E-03
324,3.25E-02,9.06E-03,6.24E-03
325,2.94E-02,1.06E-02,6.24E-03
326,3.34E-02,9.35E-03,6.24E-03
327,3.41E-02,9.90E-03,6.25E-03
328,2.91E-02,1.15E-02,6.25E-03
329,2.91E-02,1.25E-02,6.25E-03
330,3.47E-02,1.06E-02,6.25E-03
331,2.93E-02,1.33E-02,6.25E-03
332,3.49E-02,1.15E-02,6.25E-03
333,2.99E-02,1.41E-02,6.25E-03
334,3.49E-02,1.25E-02,6.25E-03
335,3.07E-02,1.47E-02,6.25E-03
336,3.47E-02,1.34E-02,6.25E-03
337,3.15E-02,1.49E-02,6.25E-03
338,3.25E-02,1.49E-02,6.25E-03
339,3.41E-02,1.41E-02,6.25E-03
340,3.34E-02,1.47E-02,6.25E-03
341,3.07E-02,9.35E-03,6.78E-03
342,2.99E-02,9.89E-03,6.78E-03
343,3.15E-02,9.06E-03,6.78E-03
344,3.25E-02,9.06E-03,6.78E-03
345,2.94E-02,1.06E-02,6.78E-03
346,3.34E-02,9.35E-03,6.79E-03
347,2.91E-02,1.15E-02,6.79E-03
348,3.41E-02,9.90E-03,6.79E-03
349,2.91E-02,1.25E-02,6.79E-03
350,3.47E-02,1.06E-02,6.79E-03
351,2.93E-02,1.33E-02,6.79E-03
352,3.49E-02,1.15E-02,6.79E-03
353,2.99E-02,1.41E-02,6.79E-03
354,3.49E-02,1.25E-02,6.79E-03
355,3.07E-02,1.47E-02,6.79E-03
356,3.15E-02,1.49E-02,6.79E-03
357,3.47E-02,1.34E-02,6.79E-03
358,3.25E-02,1.49E-02,6.79E-03
359,3.41E-02,1.41E-02,6.79E-03
360,3.34E-02,1.47E-02,6.80E-03
361,3.03E-02,9.59E-03,7.05E-03
362,3.11E-02,9.17E-03,7.05E-03
363,3.20E-02,9.02E-03,7.05E-03
364,2.96E-02,1.02E-02,7.05E-03
365,3.29E-02,9.17E-03,7.05E-03
366,2.92E-02,1.11E-02,7.06E-03
367,3.37E-02,9.59E-03,7.06E-03
368,2.90E-02,1.20E-02,7.06E-03
369,3.44E-02,1.02E-02,7.06E-03
370,2.92E-02,1.29E-02,7.06E-03
371,2.96E-02,1.37E-02,7.06E-03
372,3.48E-02,1.11E-02,7.06E-03
373,3.03E-02,1.44E-02,7.06E-03
374,3.50E-02,1.20E-02,7.06E-03
375,3.11E-02,1.48E-02,7.06E-03
376,3.48E-02,1.29E-02,7.06E-03
377,3.20E-02,1.50E-02,7.06E-03
378,3.44E-02,1.38E-02,7.07E-03
379,3.29E-02,1.48E-02,7.07E-03
380,3.37E-02,1.44E-02,7.07E-03
381,3.11E-02,9.17E-03,7.59E-03
382,3.03E-02,9.59E-03,7.59E-03
383,3.20E-02,9.02E-03,7.59E-03
384,2.96E-02,1.02E-02,7.59E-03
385,3.29E-02,9.17E-03,7.59E-03
386,2.92E-02,1.11E-02,7.59E-03
387,3.37E-02,9.59E-03,7.60E-03
388,2.90E-02,1.20E-02,7.60E-03
389,2.92E-02,1.29E-02,7.60E-03
390,3.44E-02,1.02E-02,7.60E-03
391,2.96E-02,1.37E-02,7.60E-03
392,3.48E-02,1.11E-02,7.60E-03
393,3.03E-02,1.44E-02,7.60E-03
394,3.50E-02,1.20E-02,7.60E-03
395,3.11E-02,1.48E-02,7.60E-03
396,3.20E-02,1.50E-02,7.61E-03
397,3.48E-02,1.29E-02,7.61E-03
398,3.29E-02,1.48E-02,7.61E-03
399,3.44E-02,1.37E-02,7.61E-03
400,3.37E-02,1.44E-02,7.61E-03
401,3.07E-02,9.34E-03,7.86E-03
402,3.15E-02,9.06E-03,7.86E-03
403,2.99E-02,9.89E-03,7.86E-03
404,3.25E-02,9.06E-03,7.86E-03
405,2.94E-02,1.06E-02,7.86E-03
406,3.34E-02,9.35E-03,7.86E-03
407,2.91E-02,1.15E-02,7.86E-03
408,2.91E-02,1.25E-02,7.87E-03
409,3.41E-02,9.89E-03,7.87E-03
410,2.93E-02,1.33E-02,7.87E-03
411,3.46E-02,1.06E-02,7.87E-03
412,2.99E-02,1.41E-02,7.87E-03
413,3.49E-02,1.15E-02,7.87E-03
414,3.07E-02,1.47E-02,7.87E-03
415,3.15E-02,1.49E-02,7.87E-03
416,3.49E-02,1.25E-02,7.88E-03
417,3.25E-02,1.49E-02,7.88E-03
418,3.47E-02,1.34E-02,7.88E-03
419,3.34E-02,1.47E-02,7.88E-03
420,3.41E-02,1.41E-02,7.88E-03
421,3.07E-02,9.34E-03,8.40E-03
422,3.15E-02,9.06E-03,8.40E-03
423,2.99E-02,9.89E-03,8.40E-03
424,3.25E-02,9.06E-03,8.40E-03
425,2.94E-02,1.06E-02,8.40E-03
426,3.34E-02,9.35E-03,8.40E-03
427,2.91E-02,1.15E-02,8.40E-03
428,2.91E-02,1.25E-02,8.41E-03
429,3.41E-02,9.89E-03,8.41E-03
430,2.93E-02,1.33E-02,8.41E-03
431,3.46E-02,1.06E-02,8.41E-03
432,2.99E-02,1.41E-02,8.41E-03
433,3.07E-02,1.47E-02,8.41E-03
434,3.49E-02,1.15E-02,8.41E-03
435,3.15E-02,1.49E-02,8.41E-03
436,3.25E-02,1.49E-02,8.42E-03
437,3.49E-02,1.25E-02,8.42E-03
438,3.34E-02,1.47E-02,8.42E-03
439,3.47E-02,1.34E-02,8.42E-03
440,3.41E-02,1.41E-02,8.42E-03
441,3.11E-02,9.17E-03,8.67E-03
442,3.03E-02,9.59E-03,8.67E-03
443,3.20E-02,9.02E-03,8.67E-03
444,2.96E-02,1.02E-02,8.67E-03
445,3.29E-02,9.17E-03,8.67E-03
446,2.92E-02,1.11E-02,8.67E-03
447,3.37E-02,9.59E-03,8.67E-03
448,2.90E-02,1.20E-02,8.67E-03
449,2.92E-02,1.29E-02,8.68E-03
450,3.44E-02,1.02E-02,8.68E-03
451,2.96E-02,1.38E-02,8.68E-03
452,3.03E-02,1.44E-02,8.68E-03
453,3.48E-02,1.11E-02,8.68E-03
454,3.11E-02,1.48E-02,8.68E-03
455,3.20E-02,1.50E-02,8.69E-03
456,3.50E-02,1.20E-02,8.69E-03
457,3.29E-02,1.48E-02,8.69E-03
458,3.48E-02,1.29E-02,8.69E-03
459,3.37E-02,1.44E-02,8.69E-03
460,3.44E-02,1.37E-02,8.69E-03
461,3.03E-02,9.59E-03,9.20E-03
462,3.11E-02,9.17E-03,9.20E-03
463,3.20E-02,9.02E-03,9.20E-03
464,2.96E-02,1.02E-02,9.20E-03
465,3.29E-02,9.17E-03,9.21E-03
466,2.92E-02,1.11E-02,9.21E-03
467,3.37E-02,9.59E-03,9.21E-03
468,2.90E-02,1.20E-02,9.21E-03
469,2.92E-02,1.29E-02,9.22E-03
470,3.44E-02,1.02E-02,9.22E-03
471,2.96E-02,1.38E-02,9.22E-03
472,3.03E-02,1.44E-02,9.22E-03
473,3.11E-02,1.48E-02,9.22E-03
474,3.48E-02,1.11E-02,9.22E-03
475,3.20E-02,1.50E-02,9.22E-03
476,3.29E-02,1.48E-02,9.23E-03
477,3.50E-02,1.20E-02,9.23E-03
478,3.38E-02,1.44E-02,9.23E-03
479,3.48E-02,1.29E-02,9.23E-03
480,3.44E-02,1.37E-02,9.23E-03
481,3.07E-02,9.34E-03,9.47E-03
482,2.99E-02,9.89E-03,9.47E-03
483,3.15E-02,9.06E-03,9.47E-03
484,3.25E-02,9.06E-03,9.47E-03
485,2.94E-02,1.06E-02,9.47E-03
486,3.33E-02,9.35E-03,9.48E-03
487,2.91E-02,1.15E-02,9.48E-03
488,3.41E-02,9.89E-03,9.48E-03
489,2.91E-02,1.25E-02,9.48E-03
490,2.93E-02,1.34E-02,9.49E-03
491,2.99E-02,1.41E-02,9.49E-03
492,3.46E-02,1.06E-02,9.49E-03
493,3.07E-02,1.47E-02,9.49E-03
494,3.15E-02,1.49E-02,9.49E-03
495,3.25E-02,1.49E-02,9.49E-03
496,3.49E-02,1.15E-02,9.50E-03
497,3.34E-02,1.46E-02,9.50E-03
498,3.49E-02,1.25E-02,9.50E-03
499,3.41E-02,1.41E-02,9.50E-03
500,3.47E-02,1.34E-02,9.50E-03
501,3.07E-02,9.34E-03,1.00E-02
502,2.99E-02,9.88E-03,1.00E-02
503,3.15E-02,9.06E-03,1.00E-02
504,3.25E-02,9.06E-03,1.00E-02
505,2.94E-02,1.06E-02,1.00E-02
506,3.33E-02,9.35E-03,1.00E-02
507,2.91E-02,1.15E-02,1.00E-02
508,3.41E-02,9.89E-03,1.00E-02
509,2.91E-02,1.25E-02,1.00E-02
510,2.94E-02,1.34E-02,1.00E-02
511,3.46E-02,1.06E-02,1.00E-02
512,2.99E-02,1.41E-02,1.00E-02
513,3.07E-02,1.47E-02,1.00E-02
514,3.15E-02,1.49E-02,1.00E-02
515,3.25E-02,1.49E-02,1.00E-02
516,3.49E-02,1.15E-02,1.00E-02
517,3.34E-02,1.46E-02,1.00E-02
518,3.41E-02,1.41E-02,1.00E-02
519,3.49E-02,1.25E-02,1.00E-02
520,3.47E-02,1.33E-02,1.00E-02
521,3.03E-02,9.58E-03,1.03E-02
522,3.11E-02,9.17E-03,1.03E-02
523,2.96E-02,1.02E-02,1.03E-02
524,3.20E-02,9.02E-03,1.03E-02
525,3.29E-02,9.17E-03,1.03E-02
526,2.92E-02,1.11E-02,1.03E-02
527,3.37E-02,9.59E-03,1.03E-02
528,2.90E-02,1.20E-02,1.03E-02
529,3.44E-02,1.02E-02,1.03E-02
530,2.92E-02,1.29E-02,1.03E-02
531,2.96E-02,1.38E-02,1.03E-02
532,3.03E-02,1.44E-02,1.03E-02
533,3.11E-02,1.48E-02,1.03E-02
534,3.20E-02,1.50E-02,1.03E-02
535,3.48E-02,1.11E-02,1.03E-02
536,3.29E-02,1.48E-02,1.03E-02
537,3.38E-02,1.44E-02,1.03E-02
538,3.50E-02,1.20E-02,1.03E-02
539,3.44E-02,1.37E-02,1.03E-02
540,3.48E-02,1.29E-02,1.03E-02
541,3.03E-02,9.58E-03,1.08E-02
542,3.11E-02,9.17E-03,1.08E-02
543,2.96E-02,1.02E-02,1.08E-02
544,3.20E-02,9.02E-03,1.08E-02
545,3.29E-02,9.17E-03,1.08E-02
546,2.92E-02,1.11E-02,1.08E-02
547,3.37E-02,9.58E-03,1.08E-02
548,3.44E-02,1.02E-02,1.08E-02
549,2.90E-02,1.20E-02,1.08E-02
550,3.11E-02,1.48E-02,1.08E-02
551,3.03E-02,1.44E-02,1.08E-02
552,2.92E-02,1.29E-02,1.08E-02
553,2.96E-02,1.38E-02,1.08E-02
554,3.20E-02,1.50E-02,1.08E-02
555,3.29E-02,1.48E-02,1.08E-02
556,3.48E-02,1.11E-02,1.08E-02
557,3.38E-02,1.44E-02,1.08E-02
558,3.50E-02,1.20E-02,1.09E-02
559,3.44E-02,1.37E-02,1.09E-02
560,3.48E-02,1.29E-02,1.09E-02
561,3.07E-02,9.34E-03,1.11E-02
562,2.99E-02,9.88E-03,1.11E-02
563,3.15E-02,9.06E-03,1.11E-02
564,3.25E-02,9.06E-03,1.11E-02
565,2.94E-02,1.06E-02,1.11E-02
566,3.33E-02,9.34E-03,1.11E-02
567,3.41E-02,9.88E-03,1.11E-02
568,2.91E-02,1.15E-02,1.11E-02
569,3.07E-02,1.47E-02,1.11E-02
570,3.15E-02,1.49E-02,1.11E-02
571,3.46E-02,1.06E-02,1.11E-02
572,2.99E-02,1.41E-02,1.11E-02
573,2.91E-02,1.25E-02,1.11E-02
574,3.25E-02,1.49E-02,1.11E-02
575,2.94E-02,1.34E-02,1.11E-02
576,3.34E-02,1.46E-02,1.11E-02
577,3.49E-02,1.15E-02,1.11E-02
578,3.41E-02,1.41E-02,1.11E-02
579,3.49E-02,1.25E-02,1.11E-02
580,3.47E-02,1.33E-02,1.11E-02
581,2.99E-02,9.88E-03,1.16E-02
582,3.07E-02,9.34E-03,1.16E-02
583,3.15E-02,9.06E-03,1.16E-02
584,2.94E-02,1.06E-02,1.16E-02
585,3.25E-02,9.06E-03,1.16E-02
586,3.33E-02,9.34E-03,1.16E-02
587,3.41E-02,9.88E-03,1.16E-02
588,2.91E-02,1.15E-02,1.16E-02
589,3.46E-02,1.06E-02,1.16E-02
590,3.15E-02,1.49E-02,1.16E-02
591,3.07E-02,1.47E-02,1.16E-02
592,3.25E-02,1.49E-02,1.16E-02
593,2.99E-02,1.41E-02,1.16E-02
594,2.94E-02,1.34E-02,1.16E-02
595,3.34E-02,1.47E-02,1.16E-02
596,2.91E-02,1.25E-02,1.16E-02
597,3.49E-02,1.15E-02,1.17E-02
598,3.41E-02,1.41E-02,1.17E-02
599,3.49E-02,1.25E-02,1.17E-02
600,3.47E-02,1.33E-02,1.17E-02
601,3.03E-02,9.58E-03,1.19E-02
602,2.96E-02,1.02E-02,1.19E-02
603,3.11E-02,9.17E-03,1.19E-02
604,3.20E-02,9.02E-03,1.19E-02
605,3.29E-02,9.17E-03,1.19E-02
606,3.37E-02,9.58E-03,1.19E-02
607,2.92E-02,1.11E-02,1.19E-02
608,3.44E-02,1.02E-02,1.19E-02
609,3.11E-02,1.48E-02,1.19E-02
610,3.20E-02,1.50E-02,1.19E-02
611,3.03E-02,1.44E-02,1.19E-02
612,3.29E-02,1.48E-02,1.19E-02
613,2.96E-02,1.38E-02,1.19E-02
614,3.48E-02,1.10E-02,1.19E-02
615,2.90E-02,1.20E-02,1.19E-02
616,2.92E-02,1.29E-02,1.19E-02
617,3.37E-02,1.44E-02,1.19E-02
618,3.50E-02,1.20E-02,1.19E-02
619,3.44E-02,1.37E-02,1.20E-02
620,3.48E-02,1.29E-02,1.20E-02
621,2.96E-02,1.02E-02,1.24E-02
622,3.03E-02,9.58E-03,1.24E-02
623,3.11E-02,9.17E-03,1.24E-02
624,2.92E-02,1.10E-02,1.24E-02
625,3.20E-02,9.02E-03,1.24E-02
626,3.29E-02,9.16E-03,1.24E-02
627,3.37E-02,9.57E-03,1.24E-02
628,3.44E-02,1.02E-02,1.24E-02
629,3.20E-02,1.50E-02,1.24E-02
630,3.11E-02,1.48E-02,1.24E-02
631,3.29E-02,1.48E-02,1.24E-02
632,3.03E-02,1.44E-02,1.24E-02
633,3.48E-02,1.10E-02,1.24E-02
634,2.96E-02,1.38E-02,1.24E-02
635,3.37E-02,1.44E-02,1.25E-02
636,2.92E-02,1.29E-02,1.25E-02
637,2.90E-02,1.20E-02,1.25E-02
638,3.50E-02,1.20E-02,1.25E-02
639,3.44E-02,1.38E-02,1.25E-02
640,3.48E-02,1.29E-02,1.26E-02
641,2.94E-02,1.06E-02,1.27E-02
642,2.99E-02,9.87E-03,1.27E-02
643,3.07E-02,9.34E-03,1.27E-02
644,3.15E-02,9.06E-03,1.27E-02
645,3.25E-02,9.06E-03,1.27E-02
646,3.33E-02,9.34E-03,1.27E-02
647,3.41E-02,9.87E-03,1.27E-02
648,3.46E-02,1.06E-02,1.27E-02
649,3.15E-02,1.49E-02,1.27E-02
650,3.25E-02,1.49E-02,1.27E-02
651,3.07E-02,1.47E-02,1.27E-02
652,3.33E-02,1.47E-02,1.27E-02
653,2.99E-02,1.41E-02,1.27E-02
654,2.91E-02,1.15E-02,1.27E-02
655,3.49E-02,1.15E-02,1.27E-02
656,2.94E-02,1.34E-02,1.27E-02
657,3.41E-02,1.41E-02,1.27E-02
658,2.91E-02,1.24E-02,1.28E-02
659,3.49E-02,1.24E-02,1.28E-02
660,3.46E-02,1.34E-02,1.28E-02
661,2.94E-02,1.06E-02,1.32E-02
662,2.99E-02,9.87E-03,1.32E-02
663,2.91E-02,1.14E-02,1.32E-02
664,3.07E-02,9.34E-03,1.32E-02
665,3.15E-02,9.06E-03,1.32E-02
666,3.24E-02,9.06E-03,1.32E-02
667,3.33E-02,9.33E-03,1.32E-02
668,3.41E-02,9.86E-03,1.32E-02
669,3.46E-02,1.06E-02,1.32E-02
670,3.25E-02,1.49E-02,1.32E-02
671,3.15E-02,1.49E-02,1.32E-02
672,3.33E-02,1.47E-02,1.32E-02
673,3.07E-02,1.47E-02,1.32E-02
674,3.49E-02,1.15E-02,1.32E-02
675,2.99E-02,1.41E-02,1.32E-02
676,3.41E-02,1.41E-02,1.33E-02
677,2.94E-02,1.34E-02,1.33E-02
678,2.91E-02,1.25E-02,1.33E-02
679,3.49E-02,1.24E-02,1.33E-02
680,3.46E-02,1.34E-02,1.33E-02
681,2.92E-02,1.10E-02,1.34E-02
682,2.96E-02,1.02E-02,1.35E-02
683,3.03E-02,9.58E-03,1.35E-02
684,3.11E-02,9.17E-03,1.35E-02
685,3.20E-02,9.02E-03,1.35E-02
686,3.29E-02,9.16E-03,1.35E-02
687,3.37E-02,9.57E-03,1.35E-02
688,3.44E-02,1.02E-02,1.35E-02
689,3.48E-02,1.10E-02,1.35E-02
690,3.29E-02,1.48E-02,1.35E-02
691,3.37E-02,1.44E-02,1.35E-02
692,3.20E-02,1.50E-02,1.35E-02
693,3.11E-02,1.48E-02,1.35E-02
694,3.50E-02,1.19E-02,1.35E-02
695,3.03E-02,1.44E-02,1.35E-02
696,3.44E-02,1.38E-02,1.35E-02
697,2.96E-02,1.38E-02,1.35E-02
698,2.90E-02,1.17E-02,1.35E-02
699,2.92E-02,1.30E-02,1.35E-02
700,2.90E-02,1.21E-02,1.36E-02
701,3.49E-02,1.27E-02,1.38E-02
702,3.48E-02,1.31E-02,1.38E-02
703,2.92E-02,1.10E-02,1.39E-02
704,2.96E-02,1.02E-02,1.40E-02
705,2.91E-02,1.14E-02,1.40E-02
706,3.03E-02,9.59E-03,1.40E-02
707,3.11E-02,9.17E-03,1.40E-02
708,3.50E-02,1.19E-02,1.40E-02
709,3.20E-02,9.02E-03,1.40E-02
710,3.44E-02,1.38E-02,1.40E-02
711,3.29E-02,9.16E-03,1.40E-02
712,3.37E-02,9.57E-03,1.40E-02
713,3.48E-02,1.10E-02,1.40E-02
714,3.44E-02,1.02E-02,1.40E-02
715,3.37E-02,1.44E-02,1.40E-02
716,3.29E-02,1.48E-02,1.40E-02
717,3.20E-02,1.50E-02,1.40E-02
718,3.11E-02,1.48E-02,1.40E-02
719,3.03E-02,1.44E-02,1.40E-02
720,2.96E-02,1.38E-02,1.41E-02
721,2.92E-02,1.30E-02,1.41E-02
722,2.90E-02,1.22E-02,1.41E-02
723,3.49E-02,1.24E-02,1.42E-02
724,3.46E-02,1.34E-02,1.42E-02
725,2.93E-02,1.07E-02,1.42E-02
726,2.99E-02,9.89E-03,1.43E-02
727,3.06E-02,9.35E-03,1.43E-02
728,3.49E-02,1.14E-02,1.43E-02
729,3.41E-02,1.41E-02,1.43E-02
730,3.15E-02,9.06E-03,1.43E-02
731,3.24E-02,9.06E-03,1.43E-02
732,3.46E-02,1.06E-02,1.43E-02
733,3.33E-02,9.33E-03,1.43E-02
734,3.41E-02,9.86E-03,1.43E-02
735,3.33E-02,1.47E-02,1.43E-02
736,3.25E-02,1.49E-02,1.43E-02
737,3.16E-02,1.49E-02,1.43E-02
738,3.07E-02,1.47E-02,1.43E-02
739,2.99E-02,1.41E-02,1.43E-02
740,2.90E-02,1.17E-02,1.43E-02
741,2.94E-02,1.34E-02,1.43E-02
742,2.91E-02,1.26E-02,1.43E-02
743,3.49E-02,1.24E-02,1.47E-02
744,3.46E-02,1.33E-02,1.47E-02
745,2.93E-02,1.07E-02,1.48E-02
746,2.99E-02,9.90E-03,1.48E-02
747,3.49E-02,1.15E-02,1.48E-02
748,2.91E-02,1.16E-02,1.48E-02
749,3.41E-02,1.41E-02,1.48E-02
750,3.06E-02,9.35E-03,1.48E-02
751,3.15E-02,9.06E-03,1.48E-02
752,3.46E-02,1.06E-02,1.48E-02
753,3.24E-02,9.06E-03,1.48E-02
754,3.33E-02,9.33E-03,1.48E-02
755,3.41E-02,9.86E-03,1.48E-02
756,3.33E-02,1.47E-02,1.48E-02
757,3.25E-02,1.49E-02,1.48E-02
758,3.16E-02,1.49E-02,1.48E-02
759,3.07E-02,1.47E-02,1.48E-02
760,2.99E-02,1.41E-02,1.49E-02
761,2.94E-02,1.34E-02,1.49E-02
762,2.91E-02,1.26E-02,1.49E-02
763,3.48E-02,1.29E-02,1.50E-02
764,2.92E-02,1.11E-02,1.50E-02
765,3.50E-02,1.19E-02,1.50E-02
766,3.44E-02,1.38E-02,1.50E-02
767,2.96E-02,1.03E-02,1.51E-02
768,3.02E-02,9.60E-03,1.51E-02
769,3.48E-02,1.10E-02,1.51E-02
770,3.11E-02,9.18E-03,1.51E-02
771,3.37E-02,1.44E-02,1.51E-02
772,3.20E-02,9.02E-03,1.51E-02
773,3.44E-02,1.02E-02,1.51E-02
774,3.29E-02,9.16E-03,1.51E-02
775,3.37E-02,9.57E-03,1.51E-02
776,3.29E-02,1.48E-02,1.51E-02
777,3.20E-02,1.50E-02,1.51E-02
778,2.90E-02,1.21E-02,1.51E-02
779,3.11E-02,1.48E-02,1.51E-02
780,3.03E-02,1.44E-02,1.51E-02
781,2.96E-02,1.38E-02,1.51E-02
782,2.92E-02,1.30E-02,1.51E-02
783,3.48E-02,1.29E-02,1.56E-02
784,3.50E-02,1.20E-02,1.56E-02
785,3.44E-02,1.37E-02,1.56E-02
786,2.96E-02,1.03E-02,1.56E-02
787,2.92E-02,1.11E-02,1.56E-02
788,3.48E-02,1.10E-02,1.56E-02
789,3.02E-02,9.60E-03,1.56E-02
790,3.38E-02,1.44E-02,1.56E-02
791,3.11E-02,9.18E-03,1.56E-02
792,3.44E-02,1.02E-02,1.56E-02
793,3.20E-02,9.02E-03,1.56E-02
794,3.29E-02,9.16E-03,1.56E-02
795,3.37E-02,9.57E-03,1.56E-02
796,3.29E-02,1.48E-02,1.56E-02
797,2.90E-02,1.21E-02,1.56E-02
798,3.20E-02,1.50E-02,1.56E-02
799,3.11E-02,1.48E-02,1.56E-02
800,3.03E-02,1.44E-02,1.56E-02
801,2.92E-02,1.30E-02,1.57E-02
802,2.96E-02,1.38E-02,1.57E-02
803,3.49E-02,1.24E-02,1.58E-02
804,3.47E-02,1.33E-02,1.58E-02
805,3.49E-02,1.15E-02,1.59E-02
806,3.41E-02,1.41E-02,1.59E-02
807,2.93E-02,1.07E-02,1.59E-02
808,2.99E-02,9.91E-03,1.59E-02
809,3.06E-02,9.36E-03,1.59E-02
810,3.46E-02,1.06E-02,1.59E-02
811,2.91E-02,1.16E-02,1.59E-02
812,3.15E-02,9.06E-03,1.59E-02
813,3.34E-02,1.46E-02,1.59E-02
814,3.41E-02,9.87E-03,1.59E-02
815,3.24E-02,9.06E-03,1.59E-02
816,3.33E-02,9.33E-03,1.59E-02
817,3.25E-02,1.49E-02,1.59E-02
818,3.16E-02,1.49E-02,1.59E-02
819,2.91E-02,1.25E-02,1.59E-02
820,3.07E-02,1.47E-02,1.59E-02
821,2.99E-02,1.41E-02,1.59E-02
822,2.94E-02,1.34E-02,1.59E-02
823,3.49E-02,1.24E-02,1.64E-02
824,3.47E-02,1.33E-02,1.64E-02
825,3.49E-02,1.15E-02,1.64E-02
826,3.41E-02,1.41E-02,1.64E-02
827,2.99E-02,9.91E-03,1.64E-02
828,2.93E-02,1.07E-02,1.64E-02
829,3.46E-02,1.06E-02,1.64E-02
830,3.06E-02,9.36E-03,1.64E-02
831,3.15E-02,9.07E-03,1.64E-02
832,3.34E-02,1.46E-02,1.64E-02
833,3.41E-02,9.87E-03,1.64E-02
834,3.24E-02,9.06E-03,1.64E-02
835,2.91E-02,1.16E-02,1.64E-02
836,3.33E-02,9.33E-03,1.64E-02
837,3.25E-02,1.49E-02,1.64E-02
838,3.16E-02,1.49E-02,1.64E-02
839,2.91E-02,1.25E-02,1.64E-02
840,3.07E-02,1.47E-02,1.64E-02
841,2.94E-02,1.34E-02,1.64E-02
842,2.99E-02,1.41E-02,1.64E-02
843,3.48E-02,1.29E-02,1.67E-02
844,3.50E-02,1.20E-02,1.67E-02
845,3.44E-02,1.37E-02,1.67E-02
846,3.48E-02,1.10E-02,1.67E-02
847,2.96E-02,1.03E-02,1.67E-02
848,3.38E-02,1.44E-02,1.67E-02
849,3.02E-02,9.61E-03,1.67E-02
850,2.92E-02,1.11E-02,1.67E-02
851,3.11E-02,9.18E-03,1.67E-02
852,3.44E-02,1.02E-02,1.67E-02
853,3.20E-02,9.02E-03,1.67E-02
854,3.37E-02,9.57E-03,1.67E-02
855,3.29E-02,9.16E-03,1.67E-02
856,3.29E-02,1.48E-02,1.67E-02
857,2.90E-02,1.20E-02,1.67E-02
858,3.20E-02,1.50E-02,1.67E-02
859,3.11E-02,1.48E-02,1.67E-02
860,2.92E-02,1.30E-02,1.67E-02
861,3.03E-02,1.44E-02,1.67E-02
862,2.96E-02,1.38E-02,1.67E-02
863,3.48E-02,1.29E-02,1.72E-02
864,3.50E-02,1.20E-02,1.72E-02
865,3.44E-02,1.37E-02,1.72E-02
866,3.48E-02,1.10E-02,1.72E-02
867,3.38E-02,1.44E-02,1.72E-02
868,3.02E-02,9.61E-03,1.72E-02
869,2.96E-02,1.03E-02,1.72E-02
870,3.44E-02,1.02E-02,1.72E-02
871,3.11E-02,9.18E-03,1.72E-02
872,3.20E-02,9.02E-03,1.72E-02
873,3.37E-02,9.57E-03,1.72E-02
874,2.92E-02,1.11E-02,1.72E-02
875,3.29E-02,9.16E-03,1.72E-02
876,3.30E-02,1.48E-02,1.72E-02
877,2.90E-02,1.20E-02,1.72E-02
878,3.20E-02,1.50E-02,1.72E-02
879,3.11E-02,1.48E-02,1.72E-02
880,2.92E-02,1.30E-02,1.72E-02
881,3.03E-02,1.44E-02,1.72E-02
882,2.96E-02,1.38E-02,1.72E-02
883,3.49E-02,1.24E-02,1.75E-02
884,3.47E-02,1.33E-02,1.75E-02
885,3.49E-02,1.15E-02,1.75E-02
886,3.41E-02,1.41E-02,1.75E-02
887,3.46E-02,1.06E-02,1.75E-02
888,2.99E-02,9.91E-03,1.75E-02
889,3.06E-02,9.36E-03,1.75E-02
890,3.15E-02,9.07E-03,1.75E-02
891,2.93E-02,1.07E-02,1.75E-02
892,3.34E-02,1.46E-02,1.75E-02
893,3.41E-02,9.87E-03,1.75E-02
894,3.24E-02,9.06E-03,1.75E-02
895,3.33E-02,9.33E-03,1.75E-02
896,2.91E-02,1.16E-02,1.75E-02
897,3.25E-02,1.49E-02,1.75E-02
898,3.16E-02,1.49E-02,1.75E-02
899,2.91E-02,1.25E-02,1.75E-02
900,3.07E-02,1.47E-02,1.75E-02
901,2.94E-02,1.34E-02,1.75E-02
902,2.99E-02,1.41E-02,1.75E-02
903,3.49E-02,1.24E-02,1.80E-02
904,3.47E-02,1.33E-02,1.80E-02
905,3.49E-02,1.15E-02,1.80E-02
906,3.41E-02,1.41E-02,1.80E-02
907,3.46E-02,1.06E-02,1.80E-02
908,3.06E-02,9.36E-03,1.80E-02
909,2.99E-02,9.91E-03,1.80E-02
910,3.15E-02,9.06E-03,1.80E-02
911,3.41E-02,9.87E-03,1.80E-02
912,3.34E-02,1.46E-02,1.80E-02
913,3.24E-02,9.06E-03,1.80E-02
914,3.33E-02,9.34E-03,1.80E-02
915,2.93E-02,1.07E-02,1.80E-02
916,2.91E-02,1.16E-02,1.80E-02
917,3.25E-02,1.49E-02,1.80E-02
918,3.16E-02,1.49E-02,1.80E-02
919,2.91E-02,1.25E-02,1.80E-02
920,3.07E-02,1.47E-02,1.80E-02
921,2.94E-02,1.34E-02,1.80E-02
922,2.99E-02,1.41E-02,1.80E-02
923,3.48E-02,1.29E-02,1.83E-02
924,3.50E-02,1.20E-02,1.83E-02
925,3.44E-02,1.37E-02,1.83E-02
926,3.48E-02,1.10E-02,1.83E-02
927,3.38E-02,1.44E-02,1.83E-02
928,3.11E-02,9.18E-03,1.83E-02
929,3.02E-02,9.61E-03,1.83E-02
930,3.44E-02,1.02E-02,1.83E-02
931,3.20E-02,9.02E-03,1.83E-02
932,2.96E-02,1.03E-02,1.83E-02
933,3.37E-02,9.58E-03,1.83E-02
934,3.29E-02,9.16E-03,1.83E-02
935,3.30E-02,1.48E-02,1.83E-02
936,2.92E-02,1.11E-02,1.83E-02
937,3.20E-02,1.50E-02,1.83E-02
938,2.90E-02,1.20E-02,1.83E-02
939,3.11E-02,1.48E-02,1.83E-02
940,2.92E-02,1.30E-02,1.83E-02
941,3.03E-02,1.44E-02,1.83E-02
942,2.96E-02,1.38E-02,1.83E-02
943,3.48E-02,1.29E-02,1.88E-02
944,3.50E-02,1.20E-02,1.88E-02
945,3.44E-02,1.37E-02,1.88E-02
946,3.48E-02,1.11E-02,1.88E-02
947,3.11E-02,9.18E-03,1.88E-02
948,3.38E-02,1.44E-02,1.88E-02
949,3.02E-02,9.61E-03,1.88E-02
950,3.44E-02,1.02E-02,1.88E-02
951,3.20E-02,9.02E-03,1.88E-02
952,3.29E-02,9.16E-03,1.88E-02
953,3.37E-02,9.58E-03,1.88E-02
954,2.96E-02,1.03E-02,1.88E-02
955,3.30E-02,1.48E-02,1.88E-02
956,2.92E-02,1.11E-02,1.88E-02
957,3.20E-02,1.50E-02,1.88E-02
958,2.90E-02,1.20E-02,1.88E-02
959,3.11E-02,1.48E-02,1.88E-02
960,2.92E-02,1.30E-02,1.89E-02
961,3.03E-02,1.44E-02,1.89E-02
962,2.96E-02,1.38E-02,1.89E-02
963,3.49E-02,1.24E-02,1.91E-02
964,3.47E-02,1.33E-02,1.91E-02
965,3.49E-02,1.15E-02,1.91E-02
966,3.41E-02,1.41E-02,1.91E-02
967,3.06E-02,9.36E-03,1.91E-02
968,3.15E-02,9.06E-03,1.91E-02
969,3.46E-02,1.06E-02,1.91E-02
970,3.24E-02,9.06E-03,1.91E-02
971,2.99E-02,9.91E-03,1.91E-02
972,3.41E-02,9.88E-03,1.91E-02
973,3.34E-02,1.46E-02,1.91E-02
974,3.33E-02,9.34E-03,1.91E-02
975,2.93E-02,1.07E-02,1.91E-02
976,3.25E-02,1.49E-02,1.91E-02
977,2.91E-02,1.16E-02,1.91E-02
978,3.16E-02,1.49E-02,1.91E-02
979,2.91E-02,1.25E-02,1.91E-02
980,3.07E-02,1.47E-02,1.91E-02
981,2.94E-02,1.34E-02,1.91E-02
982,2.99E-02,1.41E-02,1.91E-02
983,3.15E-02,9.06E-03,1.96E-02
984,3.06E-02,9.36E-03,1.96E-02
985,3.47E-02,1.33E-02,1.96E-02
986,3.49E-02,1.24E-02,1.96E-02
987,3.49E-02,1.15E-02,1.96E-02
988,3.41E-02,1.41E-02,1.96E-02
989,3.24E-02,9.06E-03,1.97E-02
990,2.99E-02,9.91E-03,1.97E-02
991,3.46E-02,1.06E-02,1.97E-02
992,3.33E-02,9.34E-03,1.97E-02
993,3.41E-02,9.88E-03,1.97E-02
994,3.34E-02,1.46E-02,1.97E-02
995,2.93E-02,1.07E-02,1.97E-02
996,3.25E-02,1.49E-02,1.97E-02
997,2.91E-02,1.16E-02,1.97E-02
998,3.16E-02,1.49E-02,1.97E-02
999,2.91E-02,1.25E-02,1.97E-02
1000,3.07E-02,1.47E-02,1.97E-02
1001,2.94E-02,1.34E-02,1.97E-02
1002,2.99E-02,1.41E-02,1.97E-02
1003,3.11E-02,9.18E-03,1.99E-02
1004,3.02E-02,9.60E-03,1.99E-02
1005,3.20E-02,9.02E-03,1.99E-02
1006,3.48E-02,1.29E-02,1.99E-02
1007,3.44E-02,1.37E-02,1.99E-02
1008,3.50E-02,1.20E-02,1.99E-02
1009,3.48E-02,1.11E-02,1.99E-02
1010,3.38E-02,1.44E-02,1.99E-02
1011,3.29E-02,9.16E-03,1.99E-02
1012,3.44E-02,1.02E-02,1.99E-02
1013,3.37E-02,9.58E-03,1.99E-02
1014,2.96E-02,1.03E-02,1.99E-02
1015,3.29E-02,1.48E-02,1.99E-02
1016,2.92E-02,1.11E-02,1.99E-02
1017,3.20E-02,1.50E-02,1.99E-02
1018,2.90E-02,1.20E-02,1.99E-02
1019,3.11E-02,1.48E-02,1.99E-02
1020,2.92E-02,1.29E-02,1.99E-02
1021,3.03E-02,1.44E-02,1.99E-02
1022,2.96E-02,1.38E-02,1.99E-02
1023,3.11E-02,9.18E-03,2.05E-02
1024,3.02E-02,9.60E-03,2.05E-02
1025,3.20E-02,9.02E-03,2.05E-02
1026,3.29E-02,9.16E-03,2.05E-02
1027,2.96E-02,1.03E-02,2.05E-02
1028,3.44E-02,1.37E-02,2.05E-02
1029,3.38E-02,1.44E-02,2.05E-02
1030,3.48E-02,1.29E-02,2.05E-02
1031,3.37E-02,9.58E-03,2.05E-02
1032,3.50E-02,1.20E-02,2.05E-02
1033,3.44E-02,1.02E-02,2.05E-02
1034,3.48E-02,1.11E-02,2.05E-02
1035,3.29E-02,1.48E-02,2.05E-02
1036,2.92E-02,1.11E-02,2.05E-02
1037,3.20E-02,1.50E-02,2.05E-02
1038,2.90E-02,1.20E-02,2.05E-02
1039,2.92E-02,1.29E-02,2.05E-02
1040,3.11E-02,1.48E-02,2.05E-02
1041,2.96E-02,1.38E-02,2.05E-02
1042,3.03E-02,1.44E-02,2.05E-02
1043,3.06E-02,9.36E-03,2.07E-02
1044,3.15E-02,9.06E-03,2.07E-02
1045,2.99E-02,9.91E-03,2.07E-02
1046,3.24E-02,9.06E-03,2.07E-02
1047,3.33E-02,9.34E-03,2.07E-02
1048,3.41E-02,1.41E-02,2.07E-02
1049,3.47E-02,1.33E-02,2.07E-02
1050,3.34E-02,1.46E-02,2.07E-02
1051,2.93E-02,1.07E-02,2.07E-02
1052,3.41E-02,9.88E-03,2.07E-02
1053,3.49E-02,1.24E-02,2.07E-02
1054,3.25E-02,1.49E-02,2.07E-02
1055,3.46E-02,1.06E-02,2.07E-02
1056,3.49E-02,1.15E-02,2.07E-02
1057,2.91E-02,1.16E-02,2.07E-02
1058,2.91E-02,1.25E-02,2.07E-02
1059,3.16E-02,1.49E-02,2.07E-02
1060,2.94E-02,1.34E-02,2.07E-02
1061,3.07E-02,1.47E-02,2.07E-02
1062,2.99E-02,1.41E-02,2.07E-02
1063,3.06E-02,9.36E-03,2.13E-02
1064,3.15E-02,9.06E-03,2.13E-02
1065,2.99E-02,9.91E-03,2.13E-02
1066,3.24E-02,9.06E-03,2.13E-02
1067,2.93E-02,1.07E-02,2.13E-02
1068,3.33E-02,9.34E-03,2.13E-02
1069,2.91E-02,1.16E-02,2.13E-02
1070,2.91E-02,1.25E-02,2.13E-02
1071,3.34E-02,1.46E-02,2.13E-02
1072,3.41E-02,1.41E-02,2.13E-02
1073,3.25E-02,1.49E-02,2.13E-02
1074,2.94E-02,1.34E-02,2.13E-02
1075,3.16E-02,1.49E-02,2.13E-02
1076,3.47E-02,1.33E-02,2.13E-02
1077,3.41E-02,9.88E-03,2.13E-02
1078,2.99E-02,1.41E-02,2.13E-02
1079,3.07E-02,1.47E-02,2.13E-02
1080,3.46E-02,1.06E-02,2.13E-02
1081,3.49E-02,1.24E-02,2.13E-02
1082,3.49E-02,1.15E-02,2.13E-02
1083,3.11E-02,9.17E-03,2.15E-02
1084,3.02E-02,9.60E-03,2.15E-02
1085,3.20E-02,9.02E-03,2.15E-02
1086,2.96E-02,1.03E-02,2.15E-02
1087,3.29E-02,9.16E-03,2.15E-02
1088,2.92E-02,1.11E-02,2.15E-02
1089,2.90E-02,1.20E-02,2.15E-02
1090,2.92E-02,1.29E-02,2.15E-02
1091,3.38E-02,1.44E-02,2.15E-02
1092,3.29E-02,1.48E-02,2.15E-02
1093,3.20E-02,1.50E-02,2.15E-02
1094,2.96E-02,1.38E-02,2.15E-02
1095,3.03E-02,1.44E-02,2.15E-02
1096,3.11E-02,1.48E-02,2.15E-02
1097,3.37E-02,9.58E-03,2.15E-02
1098,3.44E-02,1.37E-02,2.15E-02
1099,3.44E-02,1.02E-02,2.15E-02
1100,3.48E-02,1.29E-02,2.15E-02
1101,3.48E-02,1.11E-02,2.15E-02
1102,3.50E-02,1.20E-02,2.15E-02
1103,3.02E-02,9.60E-03,2.21E-02
1104,3.11E-02,9.17E-03,2.21E-02
1105,2.96E-02,1.03E-02,2.21E-02
1106,3.20E-02,9.02E-03,2.21E-02
1107,2.92E-02,1.11E-02,2.21E-02
1108,2.90E-02,1.20E-02,2.21E-02
1109,2.92E-02,1.29E-02,2.21E-02
1110,2.96E-02,1.38E-02,2.21E-02
1111,3.03E-02,1.44E-02,2.21E-02
1112,3.29E-02,9.17E-03,2.21E-02
1113,3.11E-02,1.48E-02,2.21E-02
1114,3.29E-02,1.48E-02,2.21E-02
1115,3.20E-02,1.50E-02,2.21E-02
1116,3.38E-02,1.44E-02,2.21E-02
1117,3.37E-02,9.58E-03,2.21E-02
1118,3.44E-02,1.37E-02,2.21E-02
1119,3.44E-02,1.02E-02,2.21E-02
1120,3.48E-02,1.29E-02,2.21E-02
1121,3.48E-02,1.11E-02,2.21E-02
1122,3.50E-02,1.20E-02,2.21E-02
1123,3.06E-02,9.35E-03,2.24E-02
1124,2.99E-02,9.91E-03,2.24E-02
1125,2.93E-02,1.07E-02,2.24E-02
1126,3.15E-02,9.06E-03,2.24E-02
1127,2.91E-02,1.16E-02,2.24E-02
1128,2.91E-02,1.25E-02,2.24E-02
1129,2.94E-02,1.34E-02,2.24E-02
1130,2.99E-02,1.41E-02,2.24E-02
1131,3.25E-02,9.06E-03,2.24E-02
1132,3.07E-02,1.47E-02,2.24E-02
1133,3.16E-02,1.49E-02,2.24E-02
1134,3.25E-02,1.49E-02,2.24E-02
1135,3.34E-02,1.46E-02,2.24E-02
1136,3.33E-02,9.34E-03,2.24E-02
1137,3.41E-02,1.41E-02,2.24E-02
1138,3.41E-02,9.88E-03,2.24E-02
1139,3.47E-02,1.33E-02,2.24E-02
1140,3.46E-02,1.06E-02,2.24E-02
1141,3.49E-02,1.24E-02,2.24E-02
1142,3.49E-02,1.15E-02,2.24E-02
1143,2.99E-02,9.91E-03,2.29E-02
1144,2.93E-02,1.07E-02,2.29E-02
1145,3.06E-02,9.35E-03,2.29E-02
1146,2.91E-02,1.16E-02,2.29E-02
1147,2.91E-02,1.25E-02,2.29E-02
1148,2.94E-02,1.34E-02,2.29E-02
1149,2.99E-02,1.41E-02,2.29E-02
1150,3.15E-02,9.06E-03,2.29E-02
1151,3.07E-02,1.47E-02,2.29E-02
1152,3.16E-02,1.49E-02,2.29E-02
1153,3.25E-02,9.06E-03,2.29E-02
1154,3.25E-02,1.49E-02,2.29E-02
1155,3.34E-02,1.46E-02,2.29E-02
1156,3.33E-02,9.34E-03,2.29E-02
1157,3.41E-02,1.41E-02,2.29E-02
1158,3.41E-02,9.89E-03,2.29E-02
1159,3.47E-02,1.33E-02,2.29E-02
1160,3.46E-02,1.06E-02,2.29E-02
1161,3.49E-02,1.24E-02,2.29E-02
1162,3.49E-02,1.15E-02,2.29E-02
1163,2.96E-02,1.03E-02,2.32E-02
1164,3.02E-02,9.60E-03,2.32E-02
1165,2.92E-02,1.11E-02,2.32E-02
1166,2.90E-02,1.20E-02,2.32E-02
1167,2.92E-02,1.29E-02,2.32E-02
1168,2.96E-02,1.38E-02,2.32E-02
1169,3.11E-02,9.17E-03,2.32E-02
1170,3.03E-02,1.44E-02,2.32E-02
1171,3.11E-02,1.48E-02,2.32E-02
1172,3.20E-02,9.02E-03,2.32E-02
1173,3.20E-02,1.50E-02,2.32E-02
1174,3.29E-02,1.48E-02,2.32E-02
1175,3.29E-02,9.17E-03,2.32E-02
1176,3.38E-02,1.44E-02,2.32E-02
1177,3.44E-02,1.37E-02,2.32E-02
1178,3.37E-02,9.58E-03,2.32E-02
1179,3.44E-02,1.02E-02,2.32E-02
1180,3.48E-02,1.29E-02,2.32E-02
1181,3.48E-02,1.11E-02,2.32E-02
1182,3.50E-02,1.20E-02,2.32E-02
1183,2.96E-02,1.03E-02,2.37E-02
1184,2.92E-02,1.11E-02,2.37E-02
1185,2.90E-02,1.20E-02,2.37E-02
1186,2.92E-02,1.29E-02,2.37E-02
1187,3.02E-02,9.60E-03,2.37E-02
1188,2.96E-02,1.38E-02,2.37E-02
1189,3.03E-02,1.44E-02,2.37E-02
1190,3.11E-02,9.17E-03,2.37E-02
1191,3.11E-02,1.48E-02,2.37E-02
1192,3.20E-02,1.50E-02,2.37E-02
1193,3.20E-02,9.02E-03,2.37E-02
1194,3.29E-02,1.48E-02,2.37E-02
1195,3.38E-02,1.44E-02,2.37E-02
1196,3.29E-02,9.17E-03,2.37E-02
1197,3.44E-02,1.37E-02,2.37E-02
1198,3.37E-02,9.58E-03,2.37E-02
1199,3.48E-02,1.29E-02,2.37E-02
1200,3.44E-02,1.02E-02,2.37E-02
1201,3.48E-02,1.11E-02,2.37E-02
1202,3.50E-02,1.20E-02,2.37E-02
1203,2.93E-02,1.07E-02,2.40E-02
1204,2.91E-02,1.15E-02,2.40E-02
1205,2.91E-02,1.25E-02,2.40E-02
1206,2.99E-02,9.90E-03,2.40E-02
1207,2.94E-02,1.34E-02,2.40E-02
1208,2.99E-02,1.41E-02,2.40E-02
1209,3.06E-02,9.35E-03,2.40E-02
1210,3.07E-02,1.47E-02,2.40E-02
1211,3.15E-02,9.06E-03,2.40E-02
1212,3.15E-02,1.49E-02,2.40E-02
1213,3.25E-02,1.49E-02,2.40E-02
1214,3.25E-02,9.06E-03,2.40E-02
1215,3.34E-02,1.46E-02,2.40E-02
1216,3.41E-02,1.41E-02,2.40E-02
1217,3.33E-02,9.34E-03,2.40E-02
1218,3.47E-02,1.33E-02,2.40E-02
1219,3.41E-02,9.89E-03,2.40E-02
1220,3.46E-02,1.06E-02,2.40E-02
1221,3.49E-02,1.25E-02,2.40E-02
1222,3.49E-02,1.15E-02,2.40E-02
1223,2.91E-02,1.15E-02,2.45E-02
1224,2.93E-02,1.07E-02,2.45E-02
1225,2.91E-02,1.25E-02,2.45E-02
1226,2.94E-02,1.34E-02,2.45E-02
1227,2.99E-02,9.90E-03,2.45E-02
1228,2.99E-02,1.41E-02,2.45E-02
1229,3.06E-02,9.35E-03,2.45E-02
1230,3.07E-02,1.47E-02,2.45E-02
1231,3.15E-02,1.49E-02,2.45E-02
1232,3.15E-02,9.06E-03,2.45E-02
1233,3.25E-02,1.49E-02,2.45E-02
1234,3.34E-02,1.46E-02,2.45E-02
1235,3.25E-02,9.06E-03,2.45E-02
1236,3.41E-02,1.41E-02,2.45E-02
1237,3.33E-02,9.34E-03,2.45E-02
1238,3.47E-02,1.33E-02,2.45E-02
1239,3.41E-02,9.89E-03,2.45E-02
1240,3.49E-02,1.25E-02,2.45E-02
1241,3.46E-02,1.06E-02,2.45E-02
1242,3.49E-02,1.15E-02,2.45E-02
1243,2.92E-02,1.11E-02,2.48E-02
1244,2.90E-02,1.20E-02,2.48E-02
1245,2.96E-02,1.03E-02,2.48E-02
1246,2.92E-02,1.29E-02,2.48E-02
1247,2.96E-02,1.38E-02,2.48E-02
1248,3.02E-02,9.60E-03,2.48E-02
1249,3.03E-02,1.44E-02,2.48E-02
1250,3.11E-02,1.48E-02,2.48E-02
1251,3.11E-02,9.17E-03,2.48E-02
1252,3.20E-02,1.50E-02,2.48E-02
1253,3.29E-02,1.48E-02,2.48E-02
1254,3.20E-02,9.02E-03,2.48E-02
1255,3.38E-02,1.44E-02,2.48E-02
1256,3.29E-02,9.17E-03,2.48E-02
1257,3.44E-02,1.37E-02,2.48E-02
1258,3.37E-02,9.59E-03,2.48E-02
1259,3.48E-02,1.29E-02,2.48E-02
1260,3.44E-02,1.02E-02,2.48E-02
1261,3.48E-02,1.11E-02,2.48E-02
1262,3.50E-02,1.20E-02,2.48E-02
1263,2.92E-02,1.11E-02,2.53E-02
1264,2.90E-02,1.20E-02,2.53E-02
1265,2.96E-02,1.03E-02,2.53E-02
1266,2.92E-02,1.29E-02,2.53E-02
1267,2.96E-02,1.38E-02,2.53E-02
1268,3.02E-02,9.60E-03,2.53E-02
1269,3.03E-02,1.44E-02,2.53E-02
1270,3.11E-02,1.48E-02,2.53E-02
1271,3.11E-02,9.17E-03,2.53E-02
1272,3.20E-02,1.50E-02,2.53E-02
1273,3.29E-02,1.48E-02,2.53E-02
1274,3.20E-02,9.02E-03,2.53E-02
1275,3.38E-02,1.44E-02,2.53E-02
1276,3.29E-02,9.17E-03,2.53E-02
1277,3.44E-02,1.37E-02,2.53E-02
1278,3.37E-02,9.59E-03,2.53E-02
1279,3.48E-02,1.29E-02,2.53E-02
1280,3.44E-02,1.02E-02,2.53E-02
1281,3.48E-02,1.11E-02,2.53E-02
1282,3.50E-02,1.20E-02,2.53E-02
1283,2.91E-02,1.15E-02,2.56E-02
1284,2.93E-02,1.07E-02,2.56E-02
1285,2.91E-02,1.25E-02,2.56E-02
1286,2.94E-02,1.34E-02,2.56E-02
1287,2.99E-02,9.90E-03,2.56E-02
1288,2.99E-02,1.41E-02,2.56E-02
1289,3.06E-02,9.35E-03,2.56E-02
1290,3.07E-02,1.47E-02,2.56E-02
1291,3.15E-02,1.49E-02,2.56E-02
1292,3.25E-02,1.49E-02,2.56E-02
1293,3.15E-02,9.06E-03,2.56E-02
1294,3.34E-02,1.46E-02,2.56E-02
1295,3.25E-02,9.06E-03,2.56E-02
1296,3.41E-02,1.41E-02,2.56E-02
1297,3.33E-02,9.34E-03,2.56E-02
1298,3.47E-02,1.33E-02,2.56E-02
1299,3.41E-02,9.89E-03,2.56E-02
1300,3.49E-02,1.25E-02,2.56E-02
1301,3.46E-02,1.06E-02,2.56E-02
1302,3.49E-02,1.15E-02,2.56E-02
1303,2.91E-02,1.15E-02,2.62E-02
1304,2.93E-02,1.07E-02,2.62E-02
1305,2.91E-02,1.25E-02,2.62E-02
1306,2.94E-02,1.34E-02,2.62E-02
1307,2.99E-02,9.90E-03,2.62E-02
1308,2.99E-02,1.41E-02,2.62E-02
1309,3.06E-02,9.35E-03,2.62E-02
1310,3.07E-02,1.47E-02,2.62E-02
1311,3.15E-02,1.49E-02,2.62E-02
1312,3.25E-02,1.49E-02,2.62E-02
1313,3.15E-02,9.06E-03,2.62E-02
1314,3.34E-02,1.46E-02,2.62E-02
1315,3.25E-02,9.06E-03,2.62E-02
1316,3.41E-02,1.41E-02,2.62E-02
1317,3.33E-02,9.34E-03,2.62E-02
1318,3.47E-02,1.33E-02,2.62E-02
1319,3.49E-02,1.25E-02,2.62E-02
1320,3.41E-02,9.89E-03,2.62E-02
1321,3.46E-02,1.06E-02,2.62E-02
1322,3.49E-02,1.15E-02,2.62E-02
1323,2.92E-02,1.11E-02,2.64E-02
1324,2.90E-02,1.20E-02,2.64E-02
1325,2.92E-02,1.29E-02,2.64E-02
1326,2.96E-02,1.03E-02,2.64E-02
1327,2.96E-02,1.38E-02,2.64E-02
1328,3.02E-02,9.60E-03,2.64E-02
1329,3.03E-02,1.44E-02,2.64E-02
1330,3.11E-02,1.48E-02,2.64E-02
1331,3.20E-02,1.50E-02,2.64E-02
1332,3.11E-02,9.17E-03,2.64E-02
1333,3.29E-02,1.48E-02,2.64E-02
1334,3.20E-02,9.02E-03,2.64E-02
1335,3.38E-02,1.44E-02,2.64E-02
1336,3.29E-02,9.17E-03,2.64E-02
1337,3.48E-02,1.29E-02,2.64E-02
1338,3.44E-02,1.37E-02,2.64E-02
1339,3.37E-02,9.59E-03,2.64E-02
1340,3.50E-02,1.20E-02,2.64E-02
1341,3.44E-02,1.02E-02,2.64E-02
1342,3.48E-02,1.11E-02,2.64E-02
1343,2.92E-02,1.11E-02,2.70E-02
1344,2.90E-02,1.20E-02,2.70E-02
1345,2.96E-02,1.03E-02,2.70E-02
1346,2.92E-02,1.29E-02,2.70E-02
1347,3.20E-02,9.02E-03,2.70E-02
1348,3.11E-02,9.17E-03,2.70E-02
1349,3.02E-02,9.60E-03,2.70E-02
1350,2.96E-02,1.38E-02,2.70E-02
1351,3.03E-02,1.44E-02,2.70E-02
1352,3.29E-02,1.48E-02,2.70E-02
1353,3.11E-02,1.48E-02,2.70E-02
1354,3.20E-02,1.50E-02,2.70E-02
1355,3.29E-02,9.17E-03,2.70E-02
1356,3.48E-02,1.11E-02,2.70E-02
1357,3.50E-02,1.20E-02,2.70E-02
1358,3.48E-02,1.29E-02,2.70E-02
1359,3.44E-02,1.37E-02,2.70E-02
1360,3.38E-02,1.44E-02,2.70E-02
1361,3.37E-02,9.59E-03,2.70E-02
1362,3.44E-02,1.02E-02,2.70E-02
1363,2.91E-02,1.15E-02,2.72E-02
1364,2.93E-02,1.07E-02,2.72E-02
1365,2.91E-02,1.25E-02,2.72E-02
1366,3.25E-02,9.06E-03,2.72E-02
1367,3.15E-02,9.06E-03,2.72E-02
1368,3.06E-02,9.36E-03,2.72E-02
1369,2.99E-02,9.91E-03,2.72E-02
1370,2.94E-02,1.34E-02,2.72E-02
1371,2.99E-02,1.41E-02,2.72E-02
1372,3.47E-02,1.33E-02,2.72E-02
1373,3.34E-02,1.46E-02,2.72E-02
1374,3.07E-02,1.47E-02,2.72E-02
1375,3.25E-02,1.49E-02,2.72E-02
1376,3.15E-02,1.49E-02,2.72E-02
1377,3.33E-02,9.34E-03,2.72E-02
1378,3.41E-02,9.89E-03,2.72E-02
1379,3.46E-02,1.06E-02,2.72E-02
1380,3.49E-02,1.15E-02,2.72E-02
1381,3.49E-02,1.25E-02,2.72E-02
1382,3.41E-02,1.41E-02,2.72E-02
1383,3.25E-02,9.07E-03,2.75E-02
1384,3.15E-02,9.08E-03,2.75E-02
1385,3.33E-02,9.35E-03,2.75E-02
1386,3.06E-02,9.37E-03,2.75E-02
1387,3.41E-02,9.90E-03,2.75E-02
1388,2.99E-02,9.92E-03,2.75E-02
1389,3.46E-02,1.06E-02,2.75E-02
1390,2.94E-02,1.07E-02,2.75E-02
1391,3.49E-02,1.15E-02,2.75E-02
1392,2.91E-02,1.15E-02,2.75E-02
1393,3.49E-02,1.25E-02,2.75E-02
1394,2.91E-02,1.25E-02,2.75E-02
1395,3.46E-02,1.33E-02,2.75E-02
1396,2.94E-02,1.33E-02,2.75E-02
1397,3.41E-02,1.41E-02,2.75E-02
1398,2.99E-02,1.41E-02,2.75E-02
1399,3.33E-02,1.46E-02,2.75E-02
1400,3.07E-02,1.46E-02,2.75E-02
1401,3.25E-02,1.49E-02,2.75E-02
1402,3.15E-02,1.49E-02,2.75E-02
